,artists_id,artist_name,artist_followers,artists_popularity,artists_genre
0,06HL4z0CvFAxyc27GXpf02,Taylor Swift,81742713,100,pop
1,4oUHIQIBe0LHzYfvXNW4QM,Morgan Wallen,6673266,88,contemporary country
2,12GqGscKJx3aE4t07u7eVZ,Peso Pluma,5975600,92,sad sierreno
3,1Xyo4u8uXC1ZmMpatF05PJ,The Weeknd,69077985,94,"canadian contemporary r&b,canadian pop,pop"
4,1URnnhqYAYcrqrcwql10ft,21 Savage,14398762,89,"atl hip hop,hip hop,rap,trap"
5,4q3ewBCX7sLwd24euuV69X,Bad Bunny,72403408,95,"reggaeton,trap latino,urbano latino"
6,4O15NlyKLIASxsJ0PrXPfz,Lil Uzi Vert,15627439,87,"hip hop,melodic rap,philly rap,rage rap,rap,trap"
7,246dkjvS1zLTtiykXe5h60,Post Malone,41534865,89,"dfw rap,melodic rap,pop,rap"
8,1RyvyyTE3xzB2ZywiAwp0i,Future,14480186,88,"atl hip hop,hip hop,rap,southern hip hop,trap"
9,5K4W6rqBFWDnAN6FQUkS6x,Kanye West,20770003,88,"chicago rap,hip hop,rap"
10,0iEtIxbK0KxaSlF7G42ZOp,Metro Boomin,5240161,88,"hip hop,rap"
11,4MCBfE4596Uoi2O4DtmEMz,Juice WRLD,30128862,86,"chicago rap,melodic rap,rap"
12,2YZyLoL8N0Wb9xBt1NhZWg,Kendrick Lamar,24904867,87,"conscious hip hop,hip hop,rap,west coast rap"
13,7tYKF4w9nC0nq9CsPZTHyP,SZA,13941719,87,"pop,r&b,rap"
14,1VPmR4DJC1PlOtd0IADAO0,$uicideboy$,5833842,83,"cloud rap,dark trap,new orleans rap,underground hip hop"
15,40ZNYROS4zLfyyBSs2PGe2,Zach Bryan,1740273,82,"classic oklahoma country,modern country pop"
16,718COspgdWOnwOFpJHRZHS,Luke Combs,8965584,83,"contemporary country,country"
17,6l3HvQ5sa6mXTsMTB19rO5,J. Cole,20930199,84,"conscious hip hop,hip hop,north carolina hip hop,rap"
18,0hCNtLu0JehylgoiP8L4Gh,Nicki Minaj,28984225,86,"hip pop,pop,queens hip hop,rap"
19,2hlmm7s2ICUX0LVIhVFlZQ,Gunna,5640155,84,"atl hip hop,melodic rap,rap,trap"
20,00FQb4jTyendYWaN8pK0wa,Lana Del Rey,26321543,89,"art pop,pop"
21,3hcs9uc56yIGFCSy9leWe7,Lil Durk,5973560,82,"chicago drill,chicago rap,drill,hip hop,pop rap,rap,trap"
22,4V8LLVI7PbaPR0K2TGSxFF,"Tyler, The Creator",12241778,84,"hip hop,rap"
23,50co4Is1HCEo8bhOyUWKpn,Young Thug,8688562,84,"atl hip hop,atl trap,gangster rap,melodic rap,rap,trap"
24,5pKCCKE2ajJHZ9KAiaK11H,Rihanna,56916691,87,"barbadian pop,pop,urban contemporary"
25,7Gi6gjaWy3DxyilpF1a8Is,Junior H,9154265,87,"corrido,corridos tumbados,musica mexicana,sad sierreno,sierreno"
26,6qqNVTkY8uBg9cP3Jd7DAH,Billie Eilish,83997187,87,"art pop,electropop,pop"
27,699OTQXzgjhIYAHMy9RyPD,Playboi Carti,8533937,83,"atl hip hop,plugg,pluggnb,rage rap,rap"
28,2RQXRUsr4IW1f3mKyKsy4B,Noah Kahan,1122174,80,"pov: indie,singer-songwriter pop"
29,4LLpKhyESsyAXpc4laK94U,Mac Miller,9310360,81,"hip hop,pittsburgh rap,pop rap,rap"
30,15UsOTVnJzReFVN1VCnxy4,XXXTENTACION,42512695,84,"emo rap,miami hip hop"
31,0ys2OFYzWYB5hRDLCsBqxt,Fuerza Regida,4202791,84,"corrido,corridos tumbados,sad sierreno,sierreno"
32,7bXgB6jMjp9ATFy66eO08Z,Chris Brown,20175642,84,"pop rap,r&b,rap"
33,3tlXnStJ1fFhdScmQeLpuG,Brent Faiyaz,4277467,80,"r&b,rap"
34,1U1el3k54VvEUzo3ybLPlM,Kali Uchis,4976849,83,colombian pop
35,66CXWjxzNUsdJxJ2JdwvnR,Ariana Grande,92559114,86,pop
36,0du5cEVh5yTK9QJze8zA0C,Bruno Mars,49930235,86,"dance pop,pop"
37,1uNFoZAHBGtllmzznpCI3s,Justin Bieber,73753434,87,"canadian pop,pop"
38,5cj0lLjcoR7YOSnhnX0Po5,Doja Cat,25935153,83,"dance pop,pop"
39,6eUKZXaKkcviH0Ku9w2n3V,Ed Sheeran,114018215,88,"pop,singer-songwriter pop,uk pop"
40,790FomKkXshlbRYZFtlgla,KAROL G,37777331,87,"reggaeton,reggaeton colombiano,trap latino,urbano latino"
41,6XkjpgcEsYab502Vr1bBeW,Grupo Frontera,1445292,85,musica chihuahuense
42,13ZEDW6vyBF12HYcZRr4EV,Tyler Childers,1917305,76,"kentucky indie,kentucky roots,outlaw country"
43,1mcTU81TzQhprhouKaTkpq,Rauw Alejandro,17810051,88,"puerto rican pop,reggaeton,trap latino,urbano latino"
44,46SHBwWsqBkxI7EeeBEQG7,Kodak Black,9561661,80,"florida drill,florida rap,melodic rap,miami hip hop,rap,trap,trap latino"
45,1McMsnEElThX1knmY4oliG,Olivia Rodrigo,26770315,84,pop
46,6Xgp2XMz1fhVYe7i6yNAax,Trippie Redd,8893617,79,"melodic rap,rap,trap"
47,3qiHUAX7zY4Qnjx8TNUzVx,Yeat,2853149,80,"pluggnb,rage rap"
48,4Gso3d4CscCijv0lmajZWs,Don Toliver,3113256,81,"pop rap,rap,trap"
49,3nFkdlSjzX9mRTtwJOzDYB,JAY-Z,8527029,82,"east coast hip hop,gangster rap,hip hop,pop rap,rap"
50,4UXqAaa6dQYAk18Lv7PEgX,Fall Out Boy,10188691,79,"emo,modern rock,pop,pop punk,rock"
51,4r63FhuTkUYltbVAg5TQnk,DaBaby,11039769,79,"hip hop,north carolina hip hop,pop rap,rap,trap"
52,2LRoIwlKmHjgvigdNGBHNo,Feid,6624641,89,"colombian pop,pop reggaeton,reggaeton colombiano,trap latino,urbano latino"
53,5YGY8feqx7naU7z4HrwZM6,Miley Cyrus,21677335,84,pop
54,19k8AgwwTSxeaxkOuCQEJs,Jelly Roll,2373600,75,"country rap,nashville hip hop,tennessee hip hop"
55,6M2wZ9GZgrQXHCFfjv46we,Dua Lipa,40925922,86,"dance pop,pop,uk pop"
56,2R21vXR83lH98kGeO99Y66,Anuel AA,31156593,86,"reggaeton,reggaeton flow,trap boricua,trap latino,urbano latino"
57,6fOMl44jA4Sp5b9PpYCkzz,NF,8777643,79,"hip hop,pop rap"
58,53XhwfbYqKCa1cC15pYq2q,Imagine Dragons,49382142,85,"modern rock,pop,rock"
59,63yrD80RY3RNEM2YDpUpO8,Melanie Martinez,17981754,79,"alt z,electropop,pop"
60,0fA0VVWsXO9YnASrzqfmYu,Kid Cudi,6601479,79,"hip hop,ohio hip hop,pop rap,rap"
61,3FfvYsEGaIb52QPXhg4DcH,Jason Aldean,6245814,74,"contemporary country,country,country road,modern country rock"
62,1oSPZhvZMIrWW5I41kPkkY,Jimin,6247999,83,k-pop
63,6XyY86QOPPrYVGvF9ch6wz,Linkin Park,24091950,83,"alternative metal,nu metal,post-grunge,rap metal,rock"
64,3tJoFztHeIJkJWMrx0td2f,Moneybagg Yo,3889532,75,"memphis hip hop,rap,southern hip hop,tennessee hip hop,trap"
65,0VRj0yCOv2FXJNP47XQnx5,Quavo,6796690,79,"atl hip hop,melodic rap"
66,08GQAI4eElDnROBrJRGE0X,Fleetwood Mac,10204351,79,"album rock,classic rock,rock,soft rock,yacht rock"
67,2jku7tDXc6XoB6MO2hFuqg,Tory Lanez,5807308,79,"canadian hip hop,canadian trap,melodic rap,pop rap,r&b,rap,trap"
68,3MdXrJWsbVzdn6fe5JYkSQ,Latto,1142161,84,trap queen
69,6USv9qhCn6zfxlBQIYJ9qs,Dominic Fike,1217511,77,"alternative pop rock,pov: indie"
70,5SXuuuRpukkTvsLuUknva1,Baby Keem,1618083,76,"hip hop,rap"
71,4gzpq5DPGxSnKTe4SA8HAU,Coldplay,46181191,87,"permanent wave,pop"
72,1HY2Jd0NmPuamShAr6KMms,Lady Gaga,27431309,83,"art pop,dance pop,pop"
73,4VMYDCV2IEDYJArk749S6m,Daddy Yankee,33517007,86,"latin hip hop,reggaeton,trap latino,urbano latino"
74,6HaGTQPmzraVmaVxvz6EUc,Jung Kook,8935885,86,k-pop
75,7CajNmpbOovFoOoasH2HaY,Calvin Harris,23544278,84,"dance pop,edm,electro house,house,pop,progressive house,uk dance"
76,7hJcb9fa4alzcOq3EaNPoG,Snoop Dogg,10016571,80,"g funk,gangster rap,hip hop,pop rap,rap,west coast rap"
77,0pePYDrJGk8gqMRbXrLJC8,Luis R Conriquez,3217445,81,"corrido,corridos tumbados,norteno,sad sierreno,sierreno"
78,6QtgPSJPSzcnn7dPZ4VINp,King Von,3111606,75,chicago rap
79,5QNm7E7RU2m64l6Gliu8Oy,HARDY,445304,73,"contemporary country,modern country pop"
80,2FXC3k01G6Gw61bmprjgqS,Hozier,5806339,78,"irish singer-songwriter,modern rock,pop,pov: indie"
81,4kYSro6naA4h99UJvo89HB,Cardi B,21901802,78,"pop,rap"
82,26VFTg2z8YR0cCuwLzESi2,Halsey,20661295,80,"electropop,etherpop,indie poptimism,pop"
83,2EMAnMvWE2eb56ToJVfCWs,Bryson Tiller,7278367,77,"kentucky hip hop,r&b,rap"
84,77SW9BnxLY8rJ0RciFqkHh,The Neighbourhood,13168867,81,"modern alternative rock,modern rock,pop"
85,0EmeFodog0BfCgMzAIvKQp,Shakira,30612994,86,"colombian pop,dance pop,latin pop,pop"
86,64KEffDW9EtZ1y2vBYgq8T,Marshmello,35243341,81,"brostep,edm,pop,progressive electro house"
87,3Sz7ZnJQBIHsXLUSo0OQtM,Mac DeMarco,4357593,77,"edmonton indie,lo-fi indie,pov: indie"
88,4DdkRBBYG6Yk9Ka8tdJ9BW,Offset,2860355,78,"atl hip hop,hip hop,pop rap,rap,trap"
89,04gDigrS5kc9YWfZHwBETP,Maroon 5,41136664,83,pop
90,360IAlyVv4PCEVjgyMZrxK,Miguel,4726804,77,r&b
91,0TnOYISbd1XYRBk9myaseg,Pitbull,10168582,81,"dance pop,miami hip hop,pop"
92,7iK8PXO48WeuP03g8YR51W,Myke Towers,11992294,87,"reggaeton,trap latino,urbano latino"
93,5INjqkS1o8h1imAzPqGZBb,Tame Impala,6754405,78,"australian psych,modern rock,neo-psychedelic,rock"
94,74XFHRwlV6OrjEM0A2NCMF,Paramore,7958996,77,"candy pop,pixie,pop,pop emo,pop punk,rock"
95,66ihevNkSYNzRAl44dx6jJ,Carin Leon,7227994,83,"banda,corrido,musica mexicana,sad sierreno,sierreno"
96,73sIBHcqh3Z3NyqHKZ7FOL,Childish Gambino,11197594,76,"atl hip hop,hip hop,rap"
97,3win9vGIxFfBRag9S63wwf,Bailey Zimmerman,574224,73,modern country pop
98,6Ghvu1VvMGScGpOUJBAHNH,Deftones,4202789,76,"alternative metal,nu metal,rap metal,rock,sacramento indie"
99,0eDvMgVFoNV3TpwtrVCoTj,Pop Smoke,12778926,79,"brooklyn drill,rap"
110,13y7CgLHjMVRMDqxdx0Xdo,Gucci Mane,4932532,75,"atl hip hop,dirty south rap,hip hop,pop rap,rap,southern hip hop,trap"
111,1r1uxoy19fzMxunt3ONAkG,Phoebe Bridgers,1870820,76,"indie pop,la indie,pov: indie"
112,77kULmXAQ6vWer7IIHdGzI,Jordan Davis,979355,73,"contemporary country,country road"
113,3q7HBObVc0L8jNeTe5Gofh,50 Cent,11977883,81,"east coast hip hop,gangster rap,hip hop,pop rap,queens hip hop,rap"
114,2LIk90788K0zvyj2JJVwkJ,Jack Harlow,2964375,77,"deep underground hip hop,kentucky hip hop,pop rap,rap"
115,0RESbWvOMyua0yuyVrztJ5,Key Glock,1660474,73,"memphis hip hop,rap,southern hip hop,tennessee hip hop,trap"
116,0Y6dVaC9DZtPNH4591M42W,TV Girl,3003997,77,pov: indie
117,0L8ExT028jH3ddEcZwqJJ5,Red Hot Chili Peppers,20002345,80,"alternative rock,funk metal,funk rock,permanent wave,rock"
118,2ye2Wgw4gimLv2eAKyk1NB,Metallica,25519424,80,"hard rock,metal,old school thrash,rock,thrash metal"
119,3PhoLpVuITZKcymswpck5b,Elton John,11989937,81,"glam rock,mellow gold,piano rock,rock"
120,1dfeR4HaWDbWqFHLkxsg1d,Queen,47733036,82,"classic rock,glam rock,rock"
121,3b8QkneNDz4JHKKKlLgYZg,Florida Georgia Line,5357178,74,"contemporary country,country,country pop,country road,modern country rock"
122,6olE6TJLqED3rqDCT0FyPh,Nirvana,18004601,79,"grunge,permanent wave,rock"
123,5ZS223C6JyBfXasXxrRqOk,Jhené Aiko,6664878,74,r&b
124,2dIgFjalVxs4ThymZ67YCE,Stray Kids,12153268,81,"k-pop,k-pop boy group,pop"
125,181bsRPaVXVlUKXrxwZfHK,Megan Thee Stallion,7842449,75,"houston rap,pop,rap,trap queen"
126,2wY79sveU1sp5g7SokKOiI,Sam Smith,22941303,83,"pop,uk pop"
127,5Pwc4xIPtQLFEnJriah9YJ,OneRepublic,16009318,81,"piano rock,pop"
128,3fMbdgg4jU18AjLCKBhRSm,Michael Jackson,28139295,80,"r&b,soul"
129,78rUTD7y6Cy67W1RVzYs7t,PinkPantheress,2271945,77,bedroom pop
130,23zg3TcAtWQy7J6upgbUnj,Usher,10658555,77,"atl hip hop,contemporary r&b,dance pop,pop,r&b,rap,south carolina hip hop,urban contemporary"
131,20wkVLutqVOYrc0kxFs7rA,Daniel Caesar,4335983,78,canadian contemporary r&b
132,3oSJ7TBVCWMDMiYjXNiCKE,Kane Brown,5038047,73,"black americana,contemporary country,country,country road"
133,757aE44tKEUQEqRuT6GnEB,Roddy Ricch,9635337,76,"melodic rap,rap,trap"
134,1ZwdS5xdxEREPySFridCfh,2Pac,15883707,78,"g funk,gangster rap,hip hop,rap,west coast rap"
135,0GM7qgcRCORpGnfcN2tCiB,Tainy,1596594,82,"pop reggaeton,reggaeton,trap latino,urbano latino"
136,4AK6F7OLvEQ5QYCBNiQWHq,One Direction,32410276,83,"boy band,pop,post-teen pop,talent show"
137,3IYUhFvPQItj6xySrBmZkd,Creedence Clearwater Revival,5970371,78,"classic rock,country rock,rock,southern rock,swamp rock"
138,0c173mlxpT3dSFRgMO8XPh,Big Sean,11002504,75,"detroit hip hop,hip hop,pop rap,r&b,rap,southern hip hop,trap"
139,4Ga1P7PMIsmqEZqhYZQgDo,Lil Tecca,6153415,75,"melodic rap,pluggnb,rap"
140,6TIYQ3jFPwQSRmorSezPxX,Machine Gun Kelly,5116308,76,"ohio hip hop,pop rap"
141,6x2LnllRG5uGarZMsD4iO8,Thomas Rhett,4593015,72,"contemporary country,country,country road,modern country rock"
142,6yJCxee7QumYr820xdIsjo,Zac Brown Band,3646444,72,"contemporary country,country,country road,modern country rock"
143,6Sbl0NT50roqWvy746MfVf,Gabito Ballesteros,478176,79,"corrido,corridos tumbados,sierreno"
144,2RdwBSPQiwcmiDo9kixcl8,Pharrell Williams,4242065,78,"dance pop,pop"
145,2uYWxilOVlUdk4oV9DvwqK,Mitski,4831578,76,"brooklyn indie,pov: indie"
146,1gPhS1zisyXr5dHTYZyiMe,Kevin Gates,5969336,71,"baton rouge rap,rap,southern hip hop,trap"
147,1QAJqy2dA3ihHBFIHRphZj,Cigarettes After Sex,7776845,79,"ambient pop,dream pop,el paso indie,shoegaze"
148,7ITMCzIU9uII8gwRg8JAhc,Odetari,601139,76,sigilkore
149,3grHWM9bx2E9vwJCdlRv9O,Kenny Chesney,4352604,71,"contemporary country,country,country road"
150,6FBDaR13swtiWwGhX1WQsP,blink-182,7707455,76,"alternative metal,modern rock,pop punk,punk,rock,socal pop punk"
151,17lzZA2AlOHwCwFALHttmp,2 Chainz,7962619,74,"atl hip hop,hip hop,pop rap,rap,southern hip hop,trap"
152,711MCceyCBcFnzjGY4Q7Un,AC/DC,27021904,79,"australian rock,hard rock,rock"
153,164Uj4eKjl6zTBKfJLFKKK,JVKE,2845293,78,"modern indie pop,pov: indie,singer-songwriter pop"
154,1sBkRIssrMs1AbVkOJbc7a,Rick Ross,6961934,74,"dirty south rap,gangster rap,hip hop,rap,southern hip hop,trap"
155,6oMuImdp5ZcFhWP0ESe6mG,Migos,13360652,74,"atl hip hop,hip hop,pop rap,rap,trap"
156,4Z8W4fKeB5YxbusRsdQVPb,Radiohead,8506822,78,"alternative rock,art rock,melancholia,oxford indie,permanent wave,rock"
157,20JZFwl6HVl6yg8a4H3ZqK,Panic! At The Disco,11940801,75,pop
158,5lwmRuXgjX8xIwlnauTZIP,Romeo Santos,19553411,80,"bachata,latin hip hop,latin pop,urbano latino"
159,1KCSPY1glIKqW2TotWuXOR,P!nk,15600228,80,"dance pop,pop"
160,4xRYI6VqpkE3UwrDrAZL8L,Logic,5926781,74,"conscious hip hop,hip hop,pop rap,rap"
161,6zLBxLdl60ekBLpawtT63I,Cody Johnson,907395,70,"classic texas country,contemporary country"
162,6EPlBSH2RSiettczlz7ihV,Sleepy Hallow,1438128,74,"brooklyn drill,nyc rap"
163,5LHRHt1k9lMyONurDHEdrp,Tyga,6876618,78,"hip hop,pop rap,rap,trap"
164,6U3ybJ9UHNKEdsH7ktGBZ7,JID,1286106,75,"hip hop,pop rap,rap,underground hip hop"
165,2o5jDhtHVPhrJdv3cEQ99Z,Tiësto,7035581,82,"big room,brostep,dutch edm,edm,house,pop dance,slap house,trance"
166,7gW0r5CkdEUMm42w9XpyZO,Laufey,1176601,75,gen z singer-songwriter
167,7oPftvlwr6VrsViSDV7fJY,Green Day,14217464,77,"modern rock,permanent wave,punk,rock"
168,3YQKmKGau1PzlVlkL1iodx,Twenty One Pilots,23913745,78,"modern rock,pop,pov: indie,rock"
169,6zFYqv1mOsgBRQbae3JJ9e,Billy Joel,5333160,75,"album rock,classic rock,heartland rock,mellow gold,piano rock,rock,singer-songwriter,soft rock"
170,31TPClRtHm23RisEBtV3X7,Justin Timberlake,13134216,77,"dance pop,pop"
171,716NhGYqD1jl2wI1Qkgq36,Bizarrap,11908359,85,"argentine hip hop,pop venezolano,trap argentino,trap latino,urbano latino"
172,3AA28KZvwAUcZuOKwyblJQ,Gorillaz,10720106,77,"alternative hip hop,modern rock,rock"
173,7rkW85dBwwrJtlHRDkJDAC,NAV,3353933,75,"canadian hip hop,canadian trap,melodic rap,rap,trap"
174,36QJpDe2go2KgaRleHCDTp,Led Zeppelin,13611798,75,"album rock,classic rock,hard rock,rock"
175,3HiuzBlSW7pGDXlSFMhO2g,Young Dolph,2590384,70,"memphis hip hop,rap,southern hip hop,tennessee hip hop,trap"
176,1z7b1Pr1rSlvWRzsW3HOrS,Russ,4887807,74,"hawaiian hip hop,pop rap"
177,6roFdX1y5BYSbp60OTJWMd,Tim McGraw,4427477,71,"contemporary country,country,country road"
178,3jK9MiCrA42lLAdMGUZpwa,Anderson .Paak,2375463,76,"escape room,hip hop,indie soul,neo soul"
179,16oZKvXb6WkQlVAjwo2Wbg,The Lumineers,5189964,75,"folk-pop,modern rock,stomp and holler"
180,7jy3rLJdDQY21OgRLCZ9sD,Foo Fighters,11175432,77,"alternative metal,alternative rock,modern rock,permanent wave,post-grunge,rock"
181,0z4gvV4rjIZ9wHck67ucSV,Akon,3892226,79,dance pop
182,5y8tKLUfMvliMe8IKamR32,d4vd,1505607,77,"bedroom pop,bedroom r&b"
183,6nVcHLIgY5pE2YCl8ubca1,Jhayco,6396070,82,"reggaeton,trap latino,urbano latino"
184,1Ffb6ejR6Fe5IamqA5oRUF,Bring Me The Horizon,5000457,77,"melodic metalcore,metalcore,modern rock,pop punk,rock,uk metalcore"
185,7n2wHs1TKAczGzO7Dd2rGr,Shawn Mendes,42153694,81,"canadian pop,pop,viral pop"
186,5eAWCfyUhZtHHtBdNk56l1,System Of A Down,9454116,77,"alternative metal,nu metal,rap metal,rock"
187,1cNDP5yjU5vjeR8qMf4grg,YNW Melly,9333773,73,"melodic rap,rap"
188,6tPHARSq45lQ8BSALCfkFC,Lainey Wilson,301107,70,"contemporary country,modern country pop"
189,0ECwFtbIWEVNwjlrfc6xoL,Eagles,9797565,74,"album rock,classic rock,heartland rock,mellow gold,rock,soft rock,yacht rock"
190,56oDRnqbIiwx4mymNEv7dS,Lizzo,5627388,75,"escape room,minnesota hip hop,pop,trap queen"
191,0QHgL1lAIqAw0HtD7YldmP,DJ Khaled,10159605,74,"hip hop,miami hip hop,pop rap,rap"
192,2cFrymmkijnjDg9SS92EPM,blackbear,4870858,74,pop
193,26dSoYclwsYLMAKD3tpOr4,Britney Spears,12628000,78,"dance pop,pop"
194,2kucQ9jQwuD8jWdtR9Ef38,Sam Hunt,2308258,70,"contemporary country,country,country pop"
195,2rhFzFmezpnW82MNqEKVry,Ski Mask The Slump God,5492092,72,"hip hop,miami hip hop,pop rap,rap,trap,underground hip hop"
196,3ipn9JLAPI5GUEo4y4jcoi,Ludacris,2635622,74,"atl hip hop,dance pop,dirty south rap,hip hop,old school atlanta hip hop,pop rap,rap,southern hip hop,trap"
197,5XJDexmWFLWOkjOEjOVX3e,Eladio Carrion,4415384,83,"trap boricua,trap latino,trap triste,urbano latino"
198,20sxb77xiYeusSH8cVdatc,Meek Mill,7444462,72,"hip hop,philly rap,pop rap,rap,southern hip hop,trap"
199,05fG473iIaoy82BF1aGhL8,Slipknot,9919900,76,"alternative metal,nu metal,rap metal,rock"
201,22bE4uQ6baNwSHPVcDxLCe,The Rolling Stones,13153851,77,"album rock,british invasion,classic rock,rock"
203,2QsynagSdAqZj3U9HgDzjD,Bob Marley & The Wailers,11732104,78,"reggae,roots reggae"
205,6AMd49uBDJfhf30Ak2QR5s,Coi Leray,615435,78,"new jersey underground rap,trap queen"
224,329e4yvIujISKGKz1BZZbO,Farruko,15389984,82,"reggaeton,trap latino,urbano latino"
227,69GGBxA162lTqCwzJG5jLp,The Chainsmokers,20334142,78,"electropop,pop"
228,4iJLPqClelZOBCBifm8Fzv,Pierce The Veil,2564512,71,"pop punk,screamo"
229,6kBjAFKyd0he7LiA5GQ3Gz,Aqua,541504,76,"bubblegum dance,dance pop,eurodance,europop"
230,0hEurMDQu99nJRq8pTxO14,John Mayer,5922853,75,"neo mellow,singer-songwriter"
231,3l0CmX0FuQjFxr8SK7Vqag,Clairo,4031185,74,"bedroom pop,indie pop,pop,pov: indie"
232,2pAWfrd7WFF3XhVt9GooDL,MF DOOM,2127631,73,"alternative hip hop,east coast hip hop,hip hop,instrumental hip hop"
233,2oQX8QiMXOyuqbcZEFsZfm,El Alfa,3012404,76,"dembow,rap dominicano,reggaeton,trap latino,urbano latino"
234,5yPzzu25VzEk8qrGTLIrE1,Young Nudy,1249075,71,"pluggnb,rap,trap"
235,1r4hJ1h58CWwUQe3MxPuau,Maluma,34297070,82,"latin pop,reggaeton,reggaeton colombiano,trap latino,urbano latino"
236,4fxd5Ee7UefO4CUXgwJ7IP,Giveon,3083972,75,r&b
237,4tZwfgrHOc3mvqYlEYSvVi,Daft Punk,9566066,79,"electro,filter house,rock"
238,7ltDVBr6mKbRvohxheJ9h1,ROSALÍA,7637567,82,"pop,r&b en espanol"
239,6VuMaDnrHyPL1p4EHjYLi7,Charlie Puth,20947037,81,"pop,viral pop"
240,3jOstUTkEu2JkjvRdBA5Gu,Weezer,3165869,72,"alternative rock,modern power pop,modern rock,permanent wave,rock"
241,3RqBeV12Tt7A8xH3zBDDUF,Kelsea Ballerini,1064734,71,"contemporary country,country"
242,0k17h0D3J5VfsdmQ1iZtE9,Pink Floyd,19392945,77,"album rock,art rock,classic rock,progressive rock,psychedelic rock,rock,symphonic rock"
243,4xFUf1FHVy696Q1JQZMTRj,Carrie Underwood,5841775,70,"classic oklahoma country,contemporary country,country,country dawn,country road,dance pop"
244,0EdvGhlC1FkGItLOWQzG4J,Sublime,2594786,70,"rap rock,reggae fusion,ska mexicano,ska punk"
245,64M6ah0SkkRsnPGtGiRAbb,Bebe Rexha,8381739,79,"dance pop,pop"
246,6deZN1bslXzeGvOLaLMOIF,Nickelback,6453715,74,"alternative metal,canadian rock,post-grunge"
247,7FBcuc1gsnv6Y1nwFtNRCb,My Chemical Romance,7833840,75,"emo,modern rock,pop punk,pov: indie,rock"
248,5WUlDfRSoLAfcVSX1WnrxN,Sia,26700678,81,"australian dance,australian pop,pop"
249,4Uc8Dsxct0oMqx0P6i60ea,Conan Gray,8198120,77,"bedroom pop,pop,pov: indie"
250,6BH1xcDkwbbyrLMUKECsW1,Toosii,1266675,69,north carolina hip hop
251,52iwsT98xCoGgiGntTiR7K,Quevedo,2481791,85,"rap canario,trap latino,urbano latino"
252,1yxSLGMDHlW21z4YXirZDS,Black Eyed Peas,7608338,78,"dance pop,pop,pop rap"
253,687cZJR45JO7jhk1LHIbgq,Tems,1151093,72,"afro r&b,afrobeats,alte,nigerian pop"
254,5Rl15oVamLq7FbSb0NNBNy,5 Seconds of Summer,9551973,75,"boy band,pop"
255,3uo0ix4Y67XHVWBhXXIY1S,Xavier Wulf,719208,68,"cloud rap,dark trap,memphis hip hop,underground hip hop"
256,1mfDfLsMxYcOOZkzBxvSVW,Cole Swindell,2133438,68,"contemporary country,country,country road,modern country rock"
257,02kJSzxNuaWGqwubyUba0Z,G-Eazy,5187924,73,"indie pop rap,oakland hip hop,pop rap,rap"
258,2bA6fzP0lMAQ4kz6CF61w8,Toby Keith,2066791,68,"classic oklahoma country,contemporary country,country,country road"
259,0X2BH1fck6amBIoJhDVmmJ,Ellie Goulding,12188886,79,"indietronica,metropopolis,pop,uk pop"
260,0LcJLqbBmaGUft1e9Mm8HV,ABBA,10684582,78,"europop,swedish pop"
261,3yY2gUcIsjMr8hjo51PoJ8,The Smiths,4315654,74,"madchester,new wave,permanent wave,rock,uk post-punk"
262,4nDoRrQiYLoBzwC5BhVJzF,Camila Cabello,31123606,78,"dance pop,pop"
263,7cYEt1pqMgXJdq00hAwVpT,Chase Atlantic,5326697,77,alternative r&b
264,3BmGtnKgCSGYIUhmivXKWX,Kelly Clarkson,10018658,72,"dance pop,pop,talent show"
265,7x8nK0m0cP2ksQf0mjWdPS,Dierks Bentley,3052498,68,"contemporary country,country,country road"
266,4ZfEELHfyKd4odAb6YfDFw,White Noise for Babies,6202,73,sleep
267,70BYFdaZbEKbeauJ670ysI,Shinedown,3911609,69,"alternative metal,nu metal,post-grunge"
268,77tT1kLj6mCWtFNqiOmP9H,Daryl Hall & John Oates,2177591,71,"album rock,classic rock,heartland rock,mellow gold,rock,singer-songwriter,soft rock,yacht rock"
269,0cGUm45nv7Z6M6qdXYQGTX,Kehlani,7079984,72,"pop,r&b,rap"
270,4LEiUm1SRbFMgfqnQTwUbQ,Bon Iver,3453904,73,"chamber pop,eau claire indie,indie folk,melancholia,modern rock"
271,3qm84nBOXUEQ2vnTfUTTFC,Guns N' Roses,29559790,78,"glam metal,hard rock,rock"
272,1HPW4jeRjXBFRoUnSvBzoD,Destroy Lonely,614208,70,rage rap
273,4GJ6xDCF5jaUqD6avOuQT6,FIFTY FIFTY,1091118,77,k-pop girl group
274,6WY7D3jk8zTrHtmkqqo5GI,Maren Morris,754675,70,"classic texas country,contemporary country"
275,3Xt3RrJMFv5SZkCfUE8C1J,Kim Petras,960567,75,"alt z,pop,transpop"
276,35WVTyRnKAoaGExqgktVyb,Hotel Ugly,344727,73,modern indie pop
277,43ZHCT0cAZBISjO8DG9PnE,Elvis Presley,8551849,76,"rock-and-roll,rockabilly"
278,6qxpnaukVayrQn6ViNvu9I,BigXthaPlug,158998,66,southern hip hop
279,3Ri4H12KFyu98LMjSoij5V,Bad Omens,792448,71,american metalcore
280,23fqKkggKUBHNkbKtXEls4,Kygo,8410122,77,"edm,pop,pop dance,tropical house"
281,2cnMpRsOVqtPMfq7YiFE6K,Van Halen,5530442,71,"album rock,classic rock,hard rock,rock"
282,6JL8zeS1NmiOftqZTRgdTz,Meghan Trainor,13608831,75,"hip pop,pop"
283,45dkTj5sMRSjrmBSBeiHym,Tate McRae,3585076,75,"alt z,pop"
284,21mKp7DqtSNHhCAU2ugvUw,ODESZA,1516715,69,"chillwave,edm,indietronica"
285,3Mcii5XWf6E0lrY3Uky4cA,Ice Cube,7203475,73,"conscious hip hop,g funk,gangster rap,hip hop,rap,west coast rap"
286,0Njy6yR9LykNKYg9yE23QN,Nardo Wick,758441,67,"florida drill,florida rap,southern hip hop"
287,5zixe6AbgXPqt4c1uSl94L,Connor Price,829271,71,singer-songwriter pop
288,5IcR3N7QB1j6KBL8eImZ8m,ScHoolboy Q,4563901,70,"gangster rap,hip hop,pop rap,rap,southern hip hop,trap"
289,5IH6FPUwQTxPSXurCrcIov,Alec Benjamin,4478811,74,"alt z,pop,pov: indie"
290,4npEfmQ6YuiwW1GpUmaq3F,Ava Max,5957136,78,pop
291,1Oa0bMld0A3u5OTYfMzp5h,Nate Dogg,1468075,74,"g funk,gangster rap,hardcore hip hop,hip hop,rap,west coast rap"
292,0wyMPXGfOuQzNR54ujR9Ix,Caamp,492739,67,"indie folk,stomp and holler"
293,7Ey4PD4MYsKc5I2dolUwbH,Aerosmith,13680777,74,"album rock,classic rock,hard rock,rock"
294,3UUJfRbrA2nTbcg4i0MOwu,Original Broadway Cast of Hamilton,423086,70,"broadway,show tunes"
295,2rmkQLzj0k4nZdQehOUByO,Chino Pacas,599615,73,corrido
296,0dlDsD7y6ccmDm8tuWCU6F,Freddie Dredd,1572253,72,"aesthetic rap,phonk"
297,5Y5TRrQiqgUO4S36tzjIRZ,Timbaland,2564985,74,"dance pop,pop,pop rap"
298,07D1Bjaof0NFlU32KXiqUP,Lucy Dacus,382865,69,"art pop,chamber pop,indie pop"
299,40Yq4vzPs9VNUrIBG5Jr2i,The Smashing Pumpkins,4623089,70,"alternative metal,alternative rock,grunge,permanent wave,rock,spacegrunge"
300,1SupJlEpv7RS2tPNRaHViT,Nicky Jam,19101035,80,"latin hip hop,reggaeton,trap latino,urbano latino"
305,0C0XlULifJtAgn6ZNCW2eu,The Killers,7070393,74,"alternative rock,dance rock,modern rock,permanent wave,rock"
311,3qsKSpcV3ncke3hw52JSMB,Young Miko,823280,80,"trap latino,urbano latino"
312,4W12lEvVl5wectUtRNrvDh,White Noise Baby Sleep,31051,75,sleep
313,3mIj9lX2MWuHmhNCA7LSCW,The 1975,6833396,76,"modern alternative rock,modern rock,pop,pov: indie,rock"
319,0ghlgldX5Dd6720Q3qFyQB,TOMORROW X TOGETHER,8405772,76,"k-pop,k-pop boy group"
322,0epOFNiUfyON9EYx7Tpr6V,The Strokes,5114695,74,"alternative rock,garage rock,modern rock,permanent wave,rock"
324,1vCWHaC5f2uS3yhpwWbIA6,Avicii,23096340,79,"edm,pop,pop dance"
331,3Isy6kedDrgPYoTS1dazA9,Sean Paul,4439505,79,"dance pop,dancehall,pop,pop rap"
337,5gCRApTajqwbnHHPbr2Fpi,Juicy J,3109192,72,"crunk,memphis hip hop,pop rap,rap,southern hip hop,trap"
338,1Hsdzj7Dlq2I7tHP7501T4,Niall Horan,9709159,75,pop
340,3oDbviiivRWhXwIE8hxkVV,The Beach Boys,4214861,71,"baroque pop,classic rock,folk rock,mellow gold,psychedelic rock,rock,sunshine pop"
346,2QMsj4XJ7ne2hojxt6v5eb,Riley Green,565656,67,"contemporary country,country road,modern country rock"
350,1wZtkThiXbVNtj6hee6dz9,Wisin & Yandel,6558992,78,"electro latino,reggaeton,trap latino,urbano latino"
351,4yBK75WVCQXej1p04GWqxH,Jeezy,2374930,67,"atl hip hop,crunk,dirty south rap,gangster rap,old school atlanta hip hop,rap,southern hip hop,trap"
352,4TMHGUX5WI7OOm53PqSDAT,Grateful Dead,1711839,65,"cosmic american,jam band,psychedelic rock"
353,3koiLjNrgRTNbOwViDipeA,Marvin Gaye,5099683,72,"classic soul,motown,neo soul,northern soul,quiet storm,soul"
354,10exVja0key0uqUkk6LJRT,Vance Joy,2872739,74,"folk-pop,modern rock"
355,6FAo7ORAHEzSSf5q10LLfN,Lil Mabu,606387,69,meme
356,33NVpKoXjItPwUJTMZIOiY,David Kushner,1157534,77,"gen z singer-songwriter,singer-songwriter pop"
357,28ExwzUQsvgJooOI0X1mr3,Jay Rock,1432974,71,"conscious hip hop,hip hop,rap,southern hip hop,trap"
358,77ziqFxp5gaInVrF2lj4ht,Sech,11822272,79,"panamanian pop,reggaeton,trap latino,urbano latino"
359,1moxjboGR7GNWYIMWsRjgG,Florence + The Machine,6487336,74,"baroque pop,modern rock,uk alternative pop"
360,0eVyjRhzZKke2KFYTcDkeu,The Alchemist,498674,68,"alternative hip hop,drumless hip hop,hip hop,instrumental hip hop,west coast rap"
361,540vIaP2JwjQb9dm3aArA4,DJ Snake,8654353,76,"edm,electronic trap,pop,pop dance"
362,4nXOZlYoAD67hF9aUEncMY,Pouya,1063013,68,"aesthetic rap,cloud rap,dark trap,miami hip hop,underground hip hop"
363,0u2FHSq3ln94y5Q57xazwf,Keith Urban,5193238,68,"australian country,australian pop,contemporary country,country,country road"
364,6C1ohJrd5VydigQtaGy5Wa,Joyner Lucas,2060937,69,"boston hip hop,hip hop,pop rap,rap"
365,0YinUQ50QDB7ZxSCLyQ40k,Mustard,1084051,70,"cali rap,pop rap,rap,southern hip hop,trap"
366,7bu3H8JO7d0UbMoVzbo70s,The Cure,4683668,74,"new wave,permanent wave,rock,uk post-punk"
367,6ltzsmQQbmdoHHbLZ4ZN25,Lord Huron,1285708,71,"indie folk,modern rock,stomp and holler"
368,1YRqgFNXqRyMDRr8ClS1NL,Kaliii,179096,70,rap
369,58lV9VcRSjABbAbfWS6skp,Bon Jovi,12505742,76,"glam metal,rock"
370,6AUl0ykLLpvTktob97x9hO,Tee Grizzley,3468682,66,"detroit hip hop,detroit trap,rap,southern hip hop,trap"
371,5F1aAS1duwlzExnPs3l2Xe,Pooh Shiesty,1212362,66,"memphis hip hop,southern hip hop,tennessee hip hop,trap"
372,0sKsReKseslDlhxmbN6wLk,BabyTron,313348,65,"detroit hip hop,scam rap"
373,5q8HGNo0BjLWaTAhRtbwxa,Brantley Gilbert,2929606,66,"contemporary country,country,country road,modern country rock"
374,12zbUHbPHL5DGuJtiUfsip,Julien Baker,393268,68,"ambient folk,indie pop,indie rock"
375,3WGpXCj9YhhfX11TToZcXP,Troye Sivan,7770781,75,"australian pop,pop,viral pop"
376,4tm8CEdm4pkQsEh4jIr9Yp,Santa Fe Klan,8212887,74,mexican hip hop
377,2yLzlEFtIS0Q9UkyBZdQA7,Jessie Murph,597619,69,"alt z,singer-songwriter pop"
378,1lpOgw56wZLDa8gaP6bSIs,Fast & Furious: The Fast Saga,60174,75,soundtrack
379,1l7ZsJRRS8wlW3WfJfPfNS,Christina Aguilera,7702331,75,"dance pop,pop"
380,03r4iKL2g2442PT9n2UKsx,Beastie Boys,2582363,68,"alternative rock,east coast hip hop,golden age hip hop,hip hop,old school hip hop,rap,rap rock,rock"
381,6vXTefBL93Dj5IqAWq6OTv,French Montana,5128450,72,"hip hop,pop rap,rap,southern hip hop,trap"
382,2qxJFvFYMEDqd7ui6kSAcq,Zedd,5973814,72,"complextro,edm,german techno,pop,pop dance"
383,2UZMlIwnkgAEDBsw1Rejkn,Tom Petty,2290391,68,"album rock,classic rock,hard rock,heartland rock,mellow gold,rock,singer-songwriter,soft rock"
384,5dHt1vcEm9qb8fCyLcB3HL,A$AP Ferg,3627828,69,"hip hop,pop rap,rap,southern hip hop,trap"
385,5y2Xq6xcjJb2jVM54GHK3t,John Legend,6539182,73,"neo soul,pop,pop soul,urban contemporary"
386,0U7iI0Dk4Ojvi17nZboNO4,Vacations,667594,70,newcastle nsw indie
387,4hz8tIajF2INpgM0qzPJz2,Rainbow Kitten Surprise,987235,67,pov: indie
388,4NZvixzsSefsNiIqXn0NDe,Maggie Rogers,969468,67,indie pop
389,12vb80Km0Ew53ABfJOepVz,Ñengo Flow,4710205,78,"reggaeton,trap latino,urbano latino"
390,4NpFxQe2UvRCAjto3JqlSl,Greta Van Fleet,2394179,68,"modern blues rock,modern hard rock,rock"
391,1Qp56T7n950O3EGMsSl81D,Ghost,2574363,73,"hard rock,metal"
392,5t5FqBwTcgKTaWmfEbwQY9,ENHYPEN,6161106,76,"anime,k-pop boy group"
393,6XpaIBNiVzIetEPCWDvAFP,Whitney Houston,9475483,74,dance pop
394,4frXpPxQQZwbCu3eTGnZEw,Thundercat,1153331,70,"afrofuturism,indie soul"
395,0ChjBYedhZTQnWZWQYg15U,Bryan Martin,84022,66,modern country pop
396,67nwj3Y5sZQLl72VNUHEYE,Wale,4138996,67,"pop rap,r&b,rap,southern hip hop,trap"
397,0p4nmQO2msCgU4IF37Wi3j,Avril Lavigne,10137507,73,"canadian pop,candy pop,pop"
398,1w5Kfo2jwwIPruYS2UWh56,Pearl Jam,8339272,72,"alternative metal,alternative rock,classic rock,grunge,permanent wave,rock"
399,0cc6vw3VN8YlIcvr1v7tBL,Mötley Crüe,4758570,70,"album rock,alternative metal,glam metal,hard rock,metal,rock,sleaze rock"
400,0ONHkAv9pCAFxb0zJwDNTy,Pusha T,2823719,69,"gangster rap,hip hop,pop rap,rap,southern hip hop,trap,virginia hip hop"
401,6p2HnfM955TI1bX34dkLnI,The Backseat Lovers,501244,65,"pov: indie,slc indie"
402,3A5tHz1SfngyOZM2gItYKu,Earl Sweatshirt,2056973,66,"drumless hip hop,experimental hip hop,hip hop,rap,underground hip hop"
403,5ZsFI1h6hIdQRw2ti0hz81,ZAYN,22620777,75,"pop,uk pop"
404,47zz7sob9NUcODy0BTDvKx,Sade,3364855,72,"british soul,sophisti-pop"
405,485uL27bPomh29R4JmQehQ,Bob Seger,2135943,66,"album rock,classic rock,country rock,detroit rock,hard rock,heartland rock,mellow gold,rock,singer-songwriter,soft rock"
406,0647ep4AirMtU3Iq9YcBXm,cade clair,60153,70,
407,7d3WFRME3vBY2cgoP38RDo,Lil Skies,4991837,67,melodic rap
408,2RTUTCvo6onsAnheUk3aL9,3 Doors Down,4164109,69,"alternative metal,nu metal,post-grunge,rock"
409,7HkdQ0gt53LP4zmHsL0nap,Ella Mai,5117999,68,"r&b,rap,uk contemporary r&b"
410,6GI52t8N5F02MxU0g5U69P,Santana,3107473,71,"blues rock,classic rock,mexican classic rock"
411,6QtGlUje9TIkLrgPZrESuk,Steve Miller Band,2828570,66,"album rock,classic rock,hard rock,heartland rock,mellow gold,rock,singer-songwriter,soft rock"
412,0ZED1XzwlLHW4ZaG4lOT6m,Julia Michaels,5013592,72,pop
413,0fiWOxhsBsQQvFDtxUQWo0,Brett Young,1008239,66,"contemporary country,country,country road"
414,3XxNRirzbjfLdDli06zMaB,Eyedress,1323413,69,noise pop
415,0ZCO8oVkMj897cKgFH7fRW,Los Ángeles Azules,7117531,74,"gruperas inmortales,musica mexicana,nu-cumbia,ranchera,tropical"
416,3cR4rhS2hBWqI7rJEBacvN,Leslie Odom Jr.,224098,67,"broadway,show tunes,vocal jazz"
417,26T4yOaOoFJvUvxR87Y9HO,Bethel Music,1597151,67,"ambient worship,ccm,deep ccm,world worship,worship"
418,70kkdajctXSbqSMJbQO424,Kacey Musgraves,1228721,65,"classic texas country,contemporary country,country dawn"
419,57DlMWmbVIf2ssJ8QBpBau,Toby Fox,1056978,69,"indie game soundtrack,otacore,pixel,pov: indie"
420,4wLXwxDeWQ8mtUIRPxGiD6,Marc Anthony,9135639,74,"latin pop,modern salsa,salsa,tropical"
421,3vDpQbGnzRbRVirXlfQagB,Sturgill Simpson,761370,64,"alternative americana,kentucky roots,nashville singer-songwriter,new americana,outlaw country"
422,25IG9fa7cbdmCIy3OnuH57,The Chicks,1393171,66,"contemporary country,country,country dawn"
423,2TI7qyDE0QfyOlnbtfDo7L,Dave Matthews Band,1909617,64,"jam band,neo mellow,pop rock"
424,39T6qqI0jDtSWWioX8eGJz,The Doobie Brothers,2327145,67,"album rock,classic rock,country rock,folk rock,heartland rock,mellow gold,rock,singer-songwriter,soft rock,yacht rock"
425,2jSGzJw0ebJLu7OLVSOcBP,Plan B,3244870,77,"reggaeton,trap latino,urbano latino"
426,7tjVFCxJdwT4NdrTmjyjQ6,Muni Long,274699,72,indie r&b
427,4lxfqrEsLX6N1N4OCSkILp,Phil Collins,5293208,73,"rock drums,soft rock"
428,0WK3H9OErSn5zKOkOV5egm,DDG,1102892,66,pop rap
429,7mnBLXK823vNxN3UWB7Gfz,The Black Keys,3897452,69,"alternative rock,blues rock,garage rock,indie rock,indietronica,modern blues rock,modern rock,punk blues,rock,roots rock"
430,1ybINI1qPiFbwDXamRtwxD,Smino,826339,65,alternative r&b
431,34b7j3TqM5ramjmt2mc8tB,Chill Fruits Music,89117,69,"lo-fi cover,lo-fi product"
432,6Wr3hh341P84m3EI8qdn9O,Rise Against,2651635,69,"alternative metal,chicago hardcore,chicago punk,hardcore punk,modern rock,pop punk,post-grunge,punk"
433,5FxD8fkQZ6KcsSYupDVoSO,Omar Apollo,831023,67,"bedroom pop,bedroom soul"
434,6CwfuxIqcltXDGjfZsMd9A,MARINA,4797743,70,"metropopolis,pop,pov: indie,uk alternative pop"
435,7qG3b048QCHVRO5Pv1T5lw,Enrique Iglesias,11281378,75,"dance pop,latin pop,mexican pop"
436,3ApUX1o6oSz321MMECyIYd,Quinn XCII,766403,64,indie pop rap
437,7kplJl06UmldxLKseURAYi,Warren Zeiders,416855,65,modern country pop
438,1tG7s7S4sq2eFFW0QZyLbm,Sheff G,909034,67,"brooklyn drill,new york drill,nyc rap"
439,2W6WP4pHQTFlbr2z9S4n54,Kordhell,843978,75,drift phonk
440,6MxlVTY6PmY8Nyn16fvxtb,Slightly Stoopid,694861,64,"reggae fusion,reggae rock"
441,3ppQEG71r7jVpI8RudzycF,OHGEESY,245944,65,cali rap
442,46gyXjRIvN1NL1eCB8GBxo,All Time Low,2969473,67,"modern rock,neon pop punk,pop punk"
443,0EeQBlQJFiAfJeVN2vT9s0,Nipsey Hussle,3252050,65,"conscious hip hop,gangster rap,hip hop,pop rap,rap,southern hip hop,trap"
444,30e8DmahrEamvLbFRPdWmk,Justin Moore,1794507,63,"arkansas country,contemporary country,country,country road"
445,4E2rKHVDssGJm2SCDOMMJB,Doechii,306007,72,alternative r&b
446,2d0hyoQ5ynDBnkvAbJKORj,Rage Against The Machine,5552700,69,"alternative metal,alternative rock,conscious hip hop,funk metal,hard rock,nu metal,political hip hop,post-grunge,rap metal,rap rock,rock"
447,1bfl0AU8SqmLkElptOprhC,Julión Álvarez y su Norteño Banda,3501857,74,"banda,musica mexicana,norteno,sad sierreno"
448,2wUjUUtkb5lvLKcGKsKqsR,Alessia Cara,11710951,71,"canadian contemporary r&b,canadian pop,pop"
449,2oX42qP5ineK3hrhBECLmj,Andy Grammer,1164255,67,"neo mellow,post-teen pop"
450,5a2EaR3hamoenG9rDuVn8j,Prince,6935286,69,"funk,funk rock,minneapolis sound,rock,synth funk"
451,1LZEQNv7sE11VDY3SdxQeN,Bee Gees,7051605,75,"disco,mellow gold,soft rock"
452,2jw70GZXlAI8QzWeY2bgRc,Nelly Furtado,3510761,74,"canadian latin,canadian pop,dance pop,pop"
453,0my6Pg4I28dVcZLSpAkqhv,El Fantasma,5829784,70,"banda,corrido,musica mexicana,norteno"
454,2wIVse2owClT7go1WT98tk,Missy Elliott,2268122,69,"dance pop,hip hop,hip pop,neo soul,pop rap,r&b,rap,urban contemporary,virginia hip hop"
455,48zEowASEXWsK6lgP1xotZ,Baby Sleeps,135,70,
456,3Gm5F95VdRxW3mqCn8RPBJ,Aminé,1878414,69,"pop rap,portland hip hop,rap,underground hip hop"
457,1hLiboQ98IQWhpKeP9vRFw,boygenius,435050,68,indie pop
458,1By9QBFnjZAoI83BZppHlt,Billy Currington,2585956,65,"contemporary country,country,country road"
459,2xzyIzdjfeXX6FIQtlAAyw,ARIZONATEARS,4884,70,
460,2iojnBLj0qIMiKPvVhLnsH,Trey Songz,7380041,67,"dance pop,r&b,southern hip hop,trap,urban contemporary"
461,6B5c4sch27tWHAGdarpPaW,Seether,3242440,67,"alternative metal,nu metal,post-grunge,south african rock"
462,3pc0bOVB5whxmD50W79wwO,keshi,2898224,75,chill r&b
463,5NGO30tJxFlKixkPSgXcFE,The Police,5567107,74,"album rock,classic rock,permanent wave,rock"
464,16kOCiqZ1auY4sokSeZuKf,Los Bukis,3588820,72,"grupera,gruperas inmortales,musica mexicana"
465,5IbEL2xjRtKsunfmsahLuO,$NOT,1387183,68,"aesthetic rap,cloud rap,florida rap,underground hip hop"
466,4FlG0V0jhLO4qGpayFOphj,EST Gee,434800,66,"kentucky hip hop,memphis hip hop,southern hip hop"
467,7FY5V3XMwlNBPitEjXowHQ,Darius Rucker,2460999,66,"black americana,contemporary country,country,country road"
468,4IWBUUAFIplrNtaOHcJPRM,James Arthur,12745287,80,"pop,talent show,uk pop"
469,40LHVA5BTQp9RxHOQ9JPYj,Lauren Daigle,2476475,67,"ccm,christian alternative rock,christian music"
470,2dyeCWctcFRt3Pha76ONgb,"Hank Williams, Jr.",1516759,64,"country,country rock,outlaw country"
471,1GmsPCcpKgF9OhlNXjOsbS,Lizzy McAlpine,626983,70,"alt z,boston folk,indie pop"
472,6qgnBH6iDM91ipVXv28OMu,KAYTRANADA,1262373,70,"alternative r&b,escape room,indie soul,lgbtq+ hip hop"
473,1dABGukgZ8XKKOdd2rVSHM,Lofi Fruits Music,924538,70,"lo-fi cover,lo-fi product"
474,3EW0kQ1skZiK1NHg3Spt9J,Takeoff,1428615,69,"atl hip hop,rap,trap"
475,0e86yPdC41PGRkLp2Q1Bph,Mother Mother,3456290,70,"pov: indie,vancouver indie"
476,1zNqDE7qDGCsyzJwohVaoX,Anne-Marie,11060852,79,pop
477,0a1gHP0HAqALbEyxaD5Ngn,Rascal Flatts,3563371,67,"contemporary country,country,country road"
478,165ZgPlLkK7bf5bDoFc6Sb,Limp Bizkit,5264409,72,"alternative metal,funk metal,nu metal,post-grunge,rap metal,rock"
479,56ZTgzPBDge0OvCGgMO3OY,Beach House,1903758,70,"art pop,baltimore indie,dream pop,dreamo,indie pop,indie rock,indietronica,modern dream pop"
480,51Blml2LZPmy7TTiAg47vQ,U2,11368159,75,"irish rock,permanent wave,rock"
481,7FsRH5bw8iWpSbMX1G7xf1,Joan Sebastian,8961025,74,"banda,grupera,musica mexicana,norteno,ranchera"
482,79AyR6ATpj2LTPxfb6FX50,Lauren Spencer Smith,1100934,71,"alt z,gen z singer-songwriter"
483,4bthk9UfsYUYdcFyqxmSUU,Tears For Fears,2968762,72,"new romantic,new wave,new wave pop,permanent wave,rock,sophisti-pop,synthpop"
484,7wCjDgV6nqBsHguQXPAaIM,Waylon Jennings,1343309,66,"classic texas country,country,outlaw country"
485,5g63iWaMJ2UrkZMkCC8dMi,Lil Tracy,670235,69,"cloud rap,melodic rap"
486,58r1rB5t3VF5X6yXGPequV,Maverick City Music,1226609,67,"sda a cappella,worship"
487,7dOBabd5O4CvKrg4iriHTM,Kid Rock,2483517,66,nu metal
488,7vk5e3vY1uw9plTHJAMwjN,Alan Walker,38864148,80,electro house
489,2AfmfGFbe0A0WsTYm0SDTx,(G)I-DLE,6726200,76,"k-pop,k-pop girl group"
490,41X1TR6hrK8Q2ZCpp2EqCz,bbno$,1245317,70,"canadian hip hop,dark trap,meme rap"
491,6Ip8FS7vWT1uKkJSweANQK,Dave,3391965,80,uk hip hop
492,32vWCbZh0xZ4o9gkz4PsEU,Dolly Parton,2200379,69,"classic country pop,country,country dawn"
493,08Ld63UgKrJ0nZnCkzHtzc,Project Pat,760512,66,"crunk,dirty south rap,gangster rap,memphis hip hop,trap"
494,5ndkK3dpZLKtBklKjxNQwT,B.o.B,2125731,71,"atl hip hop,dance pop,pop rap,rap,southern hip hop"
495,6gZq1Q6bdOxsUPUG1TaFbF,Godsmack,3027481,66,"alternative metal,nu metal,post-grunge,rap metal"
496,2rwALQ1SXdfUWPUd6WOfYS,Aaron May,352029,67,indie hip hop
497,1n2pb9Tsfe4SwAjmUac6YT,Jake Owen,1911758,65,"contemporary country,country,country road"
498,3uL4UpqShC4p2x1dJutoRW,Ghostemane,3202180,69,"cloud rap,dark trap,florida rap"
499,3zmfs9cQwzJl575W1ZYXeT,Men I Trust,1323308,69,indie pop
500,6cK3NBO6uP7hh0oyuVELFl,Saweetie,1835567,69,"cali rap,trap queen"
501,776Uo845nYHJpNaStv1Ds4,Jimi Hendrix,6304284,68,"acid rock,album rock,classic rock,hard rock,proto-metal,psychedelic rock,rock"
502,21WS9wngs9AqFckK7yYJPM,PnB Rock,3939943,66,"melodic rap,rap,trap"
503,1oYXEVbGh1L7EWGm9C68cN,6arelyhuman,253124,69,scenecore
504,4J13m9IZh03PEhoxAxRhXO,Gerardo Ortiz,7309746,71,"banda,corrido,musica mexicana,norteno,sierreno"
505,2sil8z5kiy4r76CRTXxBCA,The Goo Goo Dolls,2577771,69,"neo mellow,permanent wave,pop rock,post-grunge"
506,7gZfnEnfiaHzxARJ2LeXrf,6ix9ine,6947107,71,emo rap
507,2MQN1o9W3ULxdT38vj8g4Q,9lives,89937,68,sigilkore
508,4oLeXFyACqeem2VImYeBFe,Fred again..,869575,74,"edm,house,stutter house"
509,2mVVjNmdjXZZDvhgQWiakk,Khruangbin,1470399,68,"indie soul,neo-psychedelic"
510,2sSGPbdZJkaSE2AbcGOACx,The Marías,1023061,69,"bedroom pop,la indie"
511,3Ayl7mCk0nScecqOzvNp6s,Jimmy Eat World,1438935,66,"alternative metal,alternative rock,emo,modern power pop,modern rock,neon pop punk,pop punk,pop rock,post-grunge,punk,rock"
512,6H1RjVyNruCmrBEWRbD0VZ,Def Leppard,4516458,67,"album rock,classic rock,glam metal,hard rock,nwobhm,rock"
513,22WZ7M8sxp5THdruNY3gXt,The Doors,7356054,71,"acid rock,album rock,classic rock,hard rock,psychedelic rock,rock"
514,3bhu7P5PfngueRHiB9hjcx,Elle King,569819,65,modern blues rock
515,1p6CdzJRoicjRcSdWoB9Qc,Mitchell Tenpenny,410026,64,"contemporary country,country road,heartland rock,modern country rock"
516,3ZHU5AKrUmIPnCFfr82QER,1nonly,839813,69,aesthetic rap
517,0lAWpj5szCSwM4rUMHYmrr,Måneskin,7659108,77,"indie rock italiano,italian pop,pop"
518,5sXaGoRLSpd7VeyZrLkKwt,Gregory Alan Isakov,770173,66,"indie folk,pop folk,stomp and flutter,stomp and holler"
519,3Rx4PJ7SP6unkOk5elPUK7,Money Man,535298,64,"memphis hip hop,southern hip hop,trap"
520,7t0rwkOPGlDPEhaOcVtOt9,The Cranberries,3534372,71,"irish rock,pop rock,rock"
521,3Oim8XBPbznAa8Jj8QzNc8,Cults,728451,68,"experimental pop,indie surf"
522,4ETSs924pXMzjIeD6E9b4u,Surfaces,902470,66,bedroom soul
523,5KKpBU5eC2tJDzf0wmlRp2,RAYE,955769,74,"uk contemporary r&b,uk pop"
524,7gP3bB2nilZXLfPHJhMdvc,Foster The People,3741179,69,"indietronica,modern alternative rock,modern rock,rock"
525,6nxWCVXbOlEVRexSbLsTer,Flume,2404744,69,"australian dance,australian electropop,australian indie,downtempo,edm,indietronica"
526,2AM4ilv6UzW0uMRuqKtDgN,ZZ Top,4060797,69,"album rock,blues rock,classic rock,hard rock,rock"
527,6PvvGcCY2XtUcSRld1Wilr,Silk Sonic,819060,70,neo soul
528,1CFCsEqKrCyvAFKOATQHiW,Lecrae,1165005,64,christian hip hop
529,2DlGxzQSjYe5N6G9nkYghR,Jennifer Lopez,12402803,73,"dance pop,pop,urban contemporary"
530,70cRZdQywnSFp9pnc2WTCE,Simon & Garfunkel,4752413,70,"classic rock,folk,folk rock,melancholia,mellow gold,rock,soft rock"
531,0vn7UBvSQECKJm2817Yf1P,James Taylor,2408813,65,"classic rock,folk,folk rock,heartland rock,mellow gold,singer-songwriter,soft rock"
532,60d24wfXkVzDSfLS6hyCjZ,Martin Garrix,15843784,74,"dutch edm,edm,pop,pop dance,progressive house"
533,3H6CaRooDAoCeRCpYwOXj2,Ramirez,309142,64,"cloud rap,dark trap,phonk"
534,3HVdAiMNjYrQIKlOGxoGh5,Rob Zombie,2607514,66,"alternative metal,hard rock,industrial metal,industrial rock,nu metal,post-grunge,rock"
535,4G1zP5i0r57g1c1CxrPhfM,ZillaKami,427537,64,dark trap
536,08PvCOlef4xdOr20jFSTPd,Flo Milli,618953,65,viral rap
537,7yntSJ6uojO3z6GFUVwhAW,CORPSE,2309615,67,pov: indie
538,5G9kmDLg3OeUyj8KVBLzbu,mike.,565587,64,"indie pop rap,rhode island rap"
539,7sKxqpSqbIzphAKAhrqvlf,Walker Hayes,615020,64,"contemporary country,country,country road,modern country rock"
540,6Ha4aES39QiVjR0L2lwuwq,Yo Gotti,4332511,64,"dirty south rap,gangster rap,memphis hip hop,rap,southern hip hop,tennessee hip hop,trap"
541,0I6yADrmeyvw66g7yjkqIF,The Living Tombstone,2709485,70,"otacore,pixel,pov: indie"
542,6Q192DXotxtaysaqNPy5yR,Amy Winehouse,8511011,73,"british soul,neo soul"
543,2CvCyf1gEVhI0mX6aFXmVI,Paul Simon,2152821,67,"classic rock,folk,folk rock,mellow gold,permanent wave,rock,singer-songwriter,soft rock"
544,12Chz98pHFMPJEknJQMWvI,Muse,7620490,74,"alternative rock,modern rock,permanent wave,rock"
545,55fhWPvDiMpLnE4ZzNXZyW,Noah Cyrus,1189706,68,"alt z,pop"
546,6AcOTCYBMvjKYy4zms0kaC,Banda El Recodo,3558712,70,"banda,banda sinaloense,musica mexicana,norteno"
547,37hAfseJWi0G3Scife12Il,City Girls,2302697,64,"scam rap,trap queen"
548,13YmWQJFwgZrd4bf5IjMY4,Brad Paisley,2689459,64,"contemporary country,country,country road"
549,4myTppRgh0rojLxx8RycOp,Ryan Lewis,19370,72,pop rap
552,0H942IkjXv9bjx5OxoG7kh,jnhygs,84004,68,"sigilkore,sped up"
566,14zUHaJZo1mnYtn6IBRaRP,Justin Quiles,4097749,77,"reggaeton,trap latino,urbano latino"
569,15oLsNy8mZYaIukh4eDhXy,Baby Smoove,242745,62,"detroit hip hop,detroit trap,scam rap"
573,2uFUBdaVGtyMqckSeCl0Qj,Ludovico Einaudi,3121276,75,"bow pop,compositional ambient,neo-classical"
574,0fGcIStdT1OpFFhOC7Wp36,Teezo Touchdown,73731,67,"chill abstract hip hop,indie hip hop"
583,6z7xFFHxYkE9t8bwIF0Bvg,Boosie Badazz,2270497,62,"baton rouge rap,dirty south rap,southern hip hop,trap"
584,7u9m43vPVTERaALXXOzrRq,Chalino Sanchez,2543091,67,"banda,corrido,corridos clasicos,musica mexicana,norteno,sierreno"
590,4AVFqumd2ogHFlRbKIjp1t,Alesso,3958704,73,"dance pop,edm,pop,pop dance"
591,7j6DKwmjbxvpQO8h914uEz,Ryan Castro,1757897,75,"reggaeton,trap colombiano,trap latino,urbano latino"
592,1Y8cdNmUJH7yBTd9yOvr5i,Destiny's Child,6578058,69,"dance pop,girl group,pop,r&b,urban contemporary"
593,05gpwlopBWyQmdjs2USSPs,Rain Fruits,243,68,
594,6MPCFvOQv5cIGfw3jODMF0,Internet Money,730245,67,pop rap
595,3QSQFmccmX81fWCUSPTS7y,Dean Lewis,2652442,73,"australian pop,pop"
596,2Tglaf8nvDzwSQnpSrjLHP,Cuco,2377470,67,"bedroom pop,dream pop"
597,60df5JBRRPcnSpsIMxxwQm,Otis Redding,2123903,68,"classic soul,memphis soul,soul,soul blues,southern soul,vocal jazz"
598,33tFkBLsl6f8TjKkV0uF0C,Lovejoy,1363044,67,"pixel,pov: indie"
599,68DWke2VjdDmA75aJX5C57,Yelawolf,2228735,64,alabama rap
600,0urTpYCsixqZwgNTkPJOJ4,Aaliyah,3942136,65,"contemporary r&b,dance pop,hip pop,r&b,urban contemporary"
601,70gP6Ry4Uo0Yx6uzPIdaiJ,Bas,514592,65,"queens hip hop,rap,sudanese hip hop,sudanese pop,underground hip hop"
602,4j56EQDQu5XnL7R3E9iFJT,Young the Giant,1517147,66,"indietronica,modern alternative rock,modern rock,pov: indie,stomp and holler"
603,4wQ3PyMz3WwJGI5uEqHUVR,Allman Brothers Band,1509686,62,"album rock,blues rock,classic rock,country rock,folk rock,hard rock,heartland rock,jam band,mellow gold,rock,singer-songwriter,soft rock,southern rock"
604,3cjEqqelV9zb4BYE3qDQ4O,EXO,9729623,74,"k-pop,k-pop boy group"
605,1KP6TWI40m7p3QBTU6u2xo,BØRNS,1175260,66,"indie poptimism,modern alternative rock,modern rock,pov: indie"
606,74ASZWbe4lXaubB36ztrGX,Bob Dylan,6206810,69,"classic rock,country rock,folk,folk rock,psychedelic rock,rock,roots rock,singer-songwriter"
607,4TKTii6gnOnUXQHyuo9JaD,Sheryl Crow,1046307,65,"lilith,new wave pop,permanent wave,pop rock,singer-songwriter"
608,4KWTAlx2RvbpseOGMEmROg,R.E.M.,4118227,72,"alternative rock,athens indie,permanent wave,rock"
609,2AMeiDbfU2vonrTkpXDKUu,Kay Flock,565586,65,"bronx drill,melodic drill,new york drill"
610,24z2EWgF5nVUKnbJHd9ku2,Grupo Laberinto,527959,66,"cumbia sonorense,musica sonorense,tecnobanda,tejano"
611,0PFtn5NtBbbUNbU9EAmIWF,TOTO,2682388,71,"album rock,classic rock,hard rock,mellow gold,rock,soft rock,yacht rock"
612,0rZp7G3gIH6WkyeXbrZnGi,Novo Amor,904549,69,"ambient folk,indie folk"
613,3t5xRXzsuZmMDkQzgOX35S,Robin Schulz,3088843,77,"deep euro house,deep house,edm,german dance,pop dance,tropical house"
614,2N4EYkIlG1kv25g6Wv8LGI,Killer Mike,328551,63,"alternative hip hop,atl hip hop,conscious hip hop,hip hop,old school atlanta hip hop,political hip hop,southern hip hop"
615,46HzS7yz0c9udVwtbHk1sx,Cochise,565119,65,"plugg,pluggnb,rage rap"
616,1yAwtBaoHLEDWAnWR87hBT,Modest Mouse,1399108,62,"alternative rock,chamber pop,indie rock,indietronica,modern rock,washington indie"
617,5nGIFgo0shDenQYSE0Sn7c,Evanescence,3989545,70,alternative metal
618,67ea9eGLXYMsO2eYQRui3w,The Who,5124024,67,"album rock,british invasion,classic rock,hard rock,rock"
619,5LhTec3c7dcqBvpLRWbMcf,Madlib,426520,66,"abstract hip hop,alternative hip hop,hip hop,instrumental hip hop,psychedelic hip hop"
620,6TcnmlCSxihzWOQJ8k0rNS,Third Eye Blind,1483969,63,"alternative metal,alternative rock,pop rock,post-grunge"
621,3NPpFNZtSTHheNBaWC82rB,X Ambassadors,2913887,70,"modern alternative rock,modern rock,stomp pop"
622,0YWxKQj2Go9CGHCp77UOyy,Fabolous,2632218,64,"gangster rap,hip hop,pop rap,rap,trap,urban contemporary"
623,1R6Hx1tJ2VOUyodEpC12xM,Jim Croce,1277866,64,"classic rock,country rock,folk,folk rock,heartland rock,mellow gold,singer-songwriter,soft rock"
624,1bAftSH8umNcGZ0uyV7LMg,Duki,9128441,84,"argentine hip hop,trap argentino,trap latino,trap triste,urbano latino"
625,63XBtGSEZINSyXylZxEUbv,Victoria Monét,729162,65,alternative r&b
626,32WkQRZEVKSzVAAYqukAEA,Lady A,3813027,65,"contemporary country,country,country dawn,country pop,country road"
627,5xUf6j4upBrXZPg6AI4MRK,Soundgarden,4084671,65,"alternative metal,alternative rock,classic rock,grunge,hard rock,nu metal,rock"
628,2y246nnP9pQT0E6v3ZMMOO,Night Lovell,1288912,66,"aesthetic rap,canadian hip hop,canadian trap,cloud rap,dark trap,ottawa rap"
629,1GxkXlMwML1oSg5eLPiAz3,Michael Bublé,5953078,70,"adult standards,canadian pop,jazz pop,lounge"
630,21451j1KhjAiaYKflxBjr1,Zion & Lennox,7499981,75,"reggaeton,urbano latino"
631,3IJ21966TwNZI24MwZHMu4,Baby Tate,359739,66,trap queen
632,5zctI4wO9XSKS8XwcnqEHk,Lil Mosey,5171993,67,"melodic rap,rap conscient"
633,5eumcnUkdmGvkvcsx1WFNG,Tito Double P,28592,69,
634,60gmlHZmT16wiO9GiXKYK9,Chris Janson,320975,62,"contemporary country,country,country road,modern country rock"
635,2W8yFh0Ga6Yf3jiayVxwkE,Dove Cameron,4295614,69,pop
636,0vEsuISMWAKNctLlUAhSZC,Counting Crows,1683870,67,"neo mellow,pop rock,post-grunge,rock"
637,2gbT6GPXMis0OAkZbEQCYB,Pinegrove,269500,63,"countrygaze,indie rock,new jersey indie,small room"
638,7o96HO2zrujyATtVsqGhh3,Goth Babe,271459,62,"indie rock,pov: indie"
639,5CiGnKThu5ctn9pBxv7DGa,benny blanco,1059792,69,pop
640,7lzordPuZEXxwt9aoVZYmG,Billy Idol,1727909,68,"album rock,classic rock,dance rock,hard rock,new romantic,new wave,new wave pop,rock,soft rock"
641,3tJnB0s6c3oXPq1SCCavnd,Marco Antonio Solís,6557920,72,"grupera,latin pop,musica mexicana,ranchera"
642,2yQf6b8hxahZaT5dHlWaB1,Raekwon,562811,66,"east coast hip hop,hardcore hip hop"
643,7pwufEBGfggjoI8twqlsmQ,Nessa Barrett,1089865,67,social media pop
644,6ydoSd3N2mwgwBHtF6K7eX,Calum Scott,5247663,75,pop
645,29kkCKKGXheHuoO829FxWK,Boston,2532833,65,"album rock,classic rock,glam metal,hard rock,mellow gold,rock,soft rock"
646,0vR2qb8m9WHeZ5ByCbimq2,Reik,8432381,76,"latin arena pop,latin pop,mexican pop,reggaeton"
647,3RwQ26hR2tJtA8F9p2n7jG,The Temptations,2774377,65,"memphis soul,motown,soul"
648,2CIMQHirSU0MQqyYHq0eOx,deadmau5,2820715,66,"canadian electronic,complextro,edm,electro house,pop dance,progressive house"
649,2ysnwxxNtSgbb9t1m2Ur4j,George Ezra,4088890,73,"folk-pop,neo-singer-songwriter"
